"name","total_jobs","analyst_jobs","scientist_jobs","machine_learning_jobs","cloud_jobs","software_jobs","other_engineer_jobs"
"Emprego","6661","1985","1387","155","338","1152","1644"
"Booz Allen Hamilton","2890","410","1876","22","1","13","568"
"Dice","2825","760","579","17","7","10","1452"
"Harnham","2551","439","1185","48","24","48","807"
"Insight Global","2254","1058","502","13","7","37","637"
"Citi","2186","1455","416","7","36","58","214"
"Confidenziale","2039","859","434","34","85","269","358"
"Capital One","1983","92","287","3","0","8","1593"
"Listopro","1973","61","491","43","17","165","1196"
"Robert Half","1863","1196","207","3","10","36","411"
"Walmart","1862","283","1330","6","9","23","211"
"UnitedHealth Group","1819","1029","531","0","5","30","224"
"Michael Page","1760","653","368","32","22","69","616"
"Accenture","1708","580","462","33","52","72","509"
"Deloitte","1700","465","705","10","20","23","477"
"Guidehouse","1691","261","1247","5","0","4","174"
"SynergisticIT","1538","412","1031","13","0","70","12"
"Capgemini","1504","309","350","14","17","70","744"
"Upwork","1415","50","857","31","1","5","471"
"Randstad","1388","586","229","29","26","82","436"
"IBM","1295","114","351","17","11","40","762"
"Hays","1270","469","242","21","27","79","432"
"Amazon","1266","325","275","22","49","109","486"
"Confidential","1232","526","270","16","1","51","368"
"EPAM Systems","1143","139","130","65","36","112","661"
"Wells Fargo","1130","508","284","2","1","17","318"
"EY","1123","353","316","12","17","13","412"
"Jobot","1105","434","270","5","0","7","389"
"CGI","1105","223","189","4","9","32","648"
"Leidos","1038","231","648","2","4","11","142"
"ClickJobs.io","1000","307","222","9","9","20","433"
"Motion Recruitment","992","209","278","8","0","7","490"
"Tata Consultancy Services","989","106","173","13","20","25","652"
"PepsiCo","959","492","186","6","5","32","238"
"Get It Recruit - Information Technology","932","666","112","1","4","5","144"
"Tesla","927","420","234","5","2","11","255"
"Visa","924","88","357","17","8","75","379"
"S&P Global","916","401","178","6","6","57","268"
"Apple","885","129","374","52","10","108","212"
"Experis","866","349","168","7","20","35","287"
"Bosch Group","843","249","203","57","20","37","277"
"Peraton","841","130","548","1","6","12","144"
"Diverse Lynx","838","242","207","2","6","15","366"
"Turing","829","97","192","110","30","108","292"
"TikTok","816","257","338","43","4","49","125"
"HP","789","227","265","11","11","24","251"
"Jobs for Humanity","785","168","180","14","2","33","388"
"Fidelity Investments","783","207","236","3","10","10","317"
"Experian","762","336","196","12","18","128","72"
"PwC","755","284","253","5","11","19","183"
"NielsenIQ","726","278","306","26","5","41","70"
"JobLeads GmbH","703","203","198","27","39","80","156"
"IQVIA","696","317","237","20","5","23","94"
"Publicis Groupe","689","322","149","2","6","14","196"
"Jobleads-UK","671","206","237","6","4","13","205"
"Cognizant","658","119","113","9","25","22","370"
"Siemens","653","241","184","22","19","40","147"
"VirtualVocations","650","302","203","19","7","32","87"
"Agoda","649","389","98","40","0","35","87"
"TEKsystems","648","238","145","6","5","24","230"
"Meta","647","69","318","26","11","26","197"
"myGwork","644","231","272","4","5","23","109"
"Oracle","642","125","263","16","33","67","138"
"CVS Health","641","83","299","2","0","4","253"
"Google","624","119","115","20","93","76","201"
"JPMorgan Chase & Co.","618","210","223","9","1","57","118"
"KPMG","613","96","148","2","4","4","359"
"Vodafone","606","173","201","5","17","23","187"
"Shopee","606","463","41","13","5","19","65"
"Confidencial","605","171","159","10","8","35","222"
"BNP Paribas","593","337","173","5","1","10","67"
"Pfizer","585","145","283","32","11","31","83"
"Nigel Frank International","565","122","47","5","6","19","366"
"LTIMindtree","562","43","101","1","6","16","395"
"GSK","552","104","164","7","4","18","255"
"Adecco","552","264","107","5","12","22","142"
"Elevance Health","552","368","138","3","1","2","40"
"BairesDev","546","157","192","6","15","72","104"
"E-Merge","545","51","75","10","19","148","242"
"CyberCoders","542","113","184","3","0","5","237"
"Page Personnel","537","250","93","5","4","30","155"
"ING","531","226","96","10","11","63","125"
"Humana","524","150","243","9","10","18","94"
"Kforce","524","266","98","1","2","3","154"
"ClearanceJobs","523","115","288","2","0","2","116"
"Apex Systems","521","261","73","3","0","2","182"
"Shell","520","131","169","11","16","11","182"
"Luxoft","515","84","52","8","8","70","293"
"Robert Walters","514","170","146","8","2","25","163"
"Avanade","513","41","80","18","8","10","356"
"Ford Motor Company","509","66","237","18","0","20","168"
"The Judge Group","507","253","112","0","3","9","130"
"Cognizant Technology Solutions","504","73","110","12","17","18","274"
"Johnson & Johnson","501","176","234","9","4","26","52"
"Microsoft","499","30","192","10","15","175","77"
"Thermo Fisher Scientific","490","239","101","4","0","46","100"
"CBRE","483","370","65","3","3","13","29"
"AstraZeneca","481","121","223","15","5","11","106"
"HAYS","481","211","102","6","9","29","124"
"Intel","481","138","140","11","24","96","72"
"Corporate","477","451","13","0","0","0","13"
"NTT","473","79","43","6","54","216","75"
"Devoteam","470","86","94","23","20","18","229"
"Centene Corporation","453","386","41","0","2","2","22"
"General Dynamics Information Technology","451","156","219","3","3","2","68"
"Atos","449","86","82","3","29","22","227"
"Verizon","444","26","237","6","1","5","169"
"Unilever","438","192","153","0","2","5","86"
"Santander","432","214","107","8","8","21","74"
"Lockheed Martin","431","233","152","0","1","10","35"
"Snowflake","426","45","74","6","80","180","41"
"Byte Dance","426","59","42","16","12","39","258"
"SAIC","420","117","238","0","1","3","61"
"Bayer","420","74","221","9","4","7","105"
"CareerAddict","414","85","94","5","1","6","223"
"Virtusa","412","67","51","5","5","26","258"
"PayPal","410","62","277","19","0","16","36"
"Morgan McKinley","407","216","62","4","7","16","102"
"Resume Library","407","197","199","0","0","0","11"
"Equifax","407","147","140","6","6","21","87"
"UBS","403","148","98","0","1","29","127"
"KPMG US","401","56","4","0","0","0","341"
"Tiger Analytics","397","51","154","14","7","22","149"
"NTT DATA","393","89","63","16","29","55","141"
"Wipro","393","96","76","3","6","15","197"
"Free-Work (ex Freelance-info Carriere-info)","389","66","82","4","0","3","234"
"Jooble-PT","382","136","67","11","11","33","124"
"Equinix","374","62","25","8","45","29","205"
"Western Digital","366","67","99","2","20","59","119"
"Crossover","365","181","150","1","0","24","9"
"Xcede","363","38","145","10","3","9","158"
"findojobs-za","359","118","88","5","22","42","84"
"Eyetech Solutions","357","150","50","2","4","17","134"
"Jobleads","355","98","114","10","8","22","103"
"Bairesdev","355","113","141","0","3","35","63"
"Northrop Grumman","355","53","262","0","1","5","34"
"Aston Carter","351","330","18","0","0","1","2"
"Deutsche Bank","351","93","87","5","2","8","156"
"FullStack Labs","348","81","44","23","10","65","125"
"Macquarie Group","348","88","31","5","7","27","190"
"Procter & Gamble","345","64","127","6","13","24","111"
"Cynet Systems","345","186","61","1","0","2","95"
"Peroptyx","344","340","4","0","0","0","0"
"Technojobs","342","54","59","5","15","38","171"
"EPAM Anywhere","341","44","47","16","6","9","219"
"Capgemini Engineering","340","47","95","11","3","11","173"
"Splunk","337","99","12","2","10","191","23"
"HSBC","335","141","87","2","11","53","41"
"Ericsson","334","63","119","1","22","48","81"
"Publicis Sapient","330","58","67","0","4","5","196"
"Comcast","329","91","116","0","1","3","118"
"Société Générale","329","126","112","0","0","9","82"
"Intuit","327","144","118","15","1","26","23"
"Caterpillar","324","69","194","1","7","21","32"
"Swiss Re","323","111","41","1","10","39","121"
"RIT Solutions, Inc.","321","116","78","0","0","2","125"
"Hewlett Packard Enterprise","321","141","68","5","11","30","66"
"confidential","320","113","53","3","5","29","117"
"Genpact","320","97","113","1","1","5","103"
"Globant","318","20","89","3","13","14","179"
"DBS Bank","317","149","54","16","1","1","96"
"BNY Mellon","317","135","143","1","3","4","31"
"Salesforce","315","76","86","4","18","62","69"
"AXA","314","146","76","9","4","16","63"
"Navy Federal Credit Union","312","52","214","0","0","3","43"
"TransUnion","312","103","110","2","2","14","81"
"LHH","311","171","49","3","1","13","74"
"USAA","311","132","115","3","0","3","58"
"Verisk","310","117","62","13","4","26","88"
"EliteRecruitmentGroup","308","1","283","0","0","0","24"
"Akkodis","308","106","73","6","1","2","120"
"Rappi","306","120","101","21","4","5","55"
"Novo Nordisk","306","71","117","13","8","17","80"
"Databricks","305","40","31","14","16","96","108"
"Kforce Technology","305","167","71","0","0","4","63"
"HCLTech","304","85","39","6","3","10","161"
"AgileEngine","303","40","32","2","14","68","147"
"Carrefour","303","201","60","0","1","0","41"
"Talan","301","79","44","4","14","17","143"
"OpenClassrooms","301","226","63","0","0","0","12"
"AT&T","301","107","130","0","1","9","54"
"eTeam","298","140","62","4","0","5","87"
"Dell Technologies","298","59","105","32","6","32","64"
"TELUS International AI Data Solutions","297","249","25","2","6","7","8"
"Hitachi Careers","297","56","29","14","8","88","102"
"Epsilon","297","147","77","3","0","0","70"
"Understanding Recruitment","296","10","70","12","1","18","185"
"Teradata","295","18","61","0","18","61","137"
"Honeywell","295","99","156","0","4","13","23"
"Concentrix","294","177","54","3","2","6","52"
"Boston Consulting Group","293","114","90","1","3","10","75"
"Continental","293","94","74","20","3","23","79"
"Emerson","290","162","39","1","13","28","47"
"Thales","288","76","65","5","5","30","107"
"Inetum","287","87","48","2","3","4","143"
"The Lancet","286","114","76","4","12","22","58"
"Saxon Global","285","128","53","1","1","3","99"
"Stanford University","283","182","92","1","1","0","7"
"Bristol Myers Squibb","279","77","106","6","0","7","83"
"Binance","278","109","71","14","2","20","62"
"RemoteWorker UK","278","76","51","2","3","2","144"
"Uber","277","89","135","3","1","25","24"
"Nordea","275","129","74","1","5","27","39"
"Workday","275","65","81","19","5","50","55"
"Cardinal Health","272","79","98","2","1","5","87"
"Burtch Works","272","30","187","4","2","6","43"
"Veeva Systems","269","84","50","9","5","6","115"
"Uline","268","200","12","0","1","0","55"
"AbbVie","266","101","114","1","1","1","48"
"Block","266","29","112","13","1","24","87"
"HelloFresh","266","100","30","6","0","25","105"
"Tech Mahindra","265","49","40","5","1","8","162"
"Sia Partners","264","17","168","16","0","8","55"
"Agensi Pekerjaan BTC Sdn Bhd","263","114","75","0","7","13","54"
"JLL","263","184","21","5","2","9","42"
"RELX","262","74","126","4","2","14","42"
"NORC at the University of Chicago","262","246","14","0","0","0","2"
"Bloomberg","262","177","36","4","0","19","26"
"Neoris","261","36","50","2","4","5","164"
"ICF","261","118","72","0","0","2","69"
"Society of Exploration Geophysicists","260","5","249","1","0","1","4"
"Modis","259","128","39","2","2","8","80"
"ServiceNow","258","81","47","7","6","33","84"
"Airbus","257","121","77","2","3","9","45"
"TIAA","256","176","54","1","0","4","21"
"Flexjobs","256","256","0","0","0","0","0"
"DXC Technology","256","53","44","1","13","23","122"
"Infosys","256","72","52","3","3","17","109"
"Encora","255","58","18","5","11","65","98"
"Talent Pal","255","104","43","2","2","38","66"
"New Zealand Government","254","158","64","0","0","12","20"
"NTT DATA Services","254","74","16","6","21","47","90"
"Allegro","253","140","28","6","0","24","55"
"INSPYR Solutions","253","106","41","2","1","6","97"
"Infineon Technologies","252","91","84","3","3","24","47"
"UST","252","89","59","3","1","6","94"
"Wolt","252","62","121","16","1","31","21"
"Harnham - Data & Analytics Recruitment","251","34","91","1","0","1","124"
"Mondelēz International","251","103","106","2","3","14","23"
"Brooksource","250","89","61","3","0","2","95"
"Mastercard","250","24","83","5","3","27","108"
"Selby Jennings","250","71","73","2","1","11","92"
"SAP","250","60","95","12","15","20","48"
"LEIDOS","250","73","138","0","0","5","34"
"Fusemachines","249","30","68","50","1","18","82"
"Citigroup","249","157","58","0","5","11","18"
"Cisco","247","56","78","6","11","21","75"
"Citizens","247","60","117","0","0","0","70"
"Moody's","247","150","52","0","2","31","12"
"Atlassian","245","16","86","1","7","35","100"
"Careerbuilder-US","245","133","85","1","1","2","23"
"билайн: ИТ, Data, Digital","245","37","21","10","5","144","28"
"Strategic Staffing Solutions","245","146","18","0","0","1","80"
"Autodesk","245","45","13","14","2","63","108"
"Eliassen Group","244","87","62","0","1","1","93"
"Spectrum","244","113","96","0","0","1","34"
"Roche","244","58","101","4","5","11","65"
"CGI Group, Inc.","242","53","74","0","0","0","115"
"State Street","241","134","12","0","8","6","81"
"Workwise GmbH","241","63","71","1","2","7","97"
"Deutsche Bahn AG","241","43","51","1","2","3","141"
"J&J Family of Companies","240","82","120","2","1","10","25"
"TechFetch.com - On Demand Tech Workforce hiring platform","240","83","39","1","0","0","117"
"McKinsey & Company","240","68","89","4","1","4","74"
"John Deere","235","39","98","0","0","35","63"
"Zendesk","235","38","37","43","0","53","64"
"Standard Chartered Bank","235","118","42","3","2","12","58"
"Siemens Energy","235","72","69","2","5","12","75"
"TELUS International","234","186","31","0","0","0","17"
"Piper Companies","234","63","81","1","2","8","79"
"GlobalLogic","233","17","29","10","1","19","157"
"American Express","232","48","58","0","0","11","115"
"Schneider Electric","232","106","46","1","5","12","62"
"Braintrust","232","38","54","2","2","11","125"
"Volvo Group","231","76","62","1","3","14","75"
"LSEG (London Stock Exchange Group)","230","91","83","0","15","7","34"
"NatWest Group","230","46","54","0","0","4","126"
"Rabobank","229","116","37","0","17","15","44"
"Сбер для экспертов","227","18","54","12","1","2","140"
"Cox Communications","226","119","77","0","0","0","30"
"Lawrence Harvey","226","22","65","3","1","0","135"
"Danske Bank","225","69","82","5","4","14","51"
"Walgreens","223","25","172","0","0","1","25"
"Hertz","223","69","79","0","0","4","71"
"Lloyds Banking Group","223","73","51","1","3","4","91"
"Barclays","222","80","76","0","1","2","63"
"Salt","222","42","67","9","2","8","94"
"Sopra Steria","222","48","29","1","6","8","130"
"Novo Nordisk A/S","222","76","60","11","14","14","47"
"Prometeo Talent","221","48","30","1","24","56","62"
"Canonical - Jobs","221","15","14","4","41","131","16"
"TELUS International AI Inc.","221","215","5","0","0","0","1"
"Signify Technology","219","1","12","2","1","13","190"
"MSD","219","80","82","9","0","20","28"
"JPMorgan Chase Bank, N.A.","218","67","87","3","2","11","48"
"Patterned Learning AI","218","51","129","1","0","0","37"
"BAE Systems","216","52","117","0","0","4","43"
"Chubb INA Holdings Inc.","215","72","53","5","4","8","73"
"Synechron","214","40","41","10","3","6","114"
"Revolut","214","117","66","0","0","30","1"
"Johnson Controls","214","128","28","2","6","23","27"
"CACI","213","75","108","1","1","3","25"
"Vattenfall","213","84","45","0","6","7","71"
"GITR","213","68","80","2","0","7","56"
"BP","213","71","92","0","0","2","48"
"ANI Calls India Private Limited","212","16","102","4","2","3","85"
"NLB Services","210","49","25","3","2","5","126"
"Coupang","209","108","47","5","0","6","43"
"Netskope","208","55","10","1","13","99","30"
"Novartis","207","73","101","1","0","1","31"
"Network Recruitment","207","42","85","6","2","7","65"
"Collabera","206","134","29","0","0","3","40"
"ManpowerGroup","205","139","23","6","3","12","22"
"AECOM","205","76","51","1","2","11","64"
"Sanofi","203","89","87","4","0","0","23"
"Nityo Infotech","203","42","36","1","5","21","98"
"OCBC Bank","202","91","30","3","2","5","71"
"Sky","202","42","62","6","4","27","61"
"The Home Depot","201","54","138","0","0","1","8"
"ROCKEN","200","28","49","0","3","9","111"
"LMI Consulting, LLC","199","59","108","0","1","0","31"
"BairesDev SA","199","55","73","4","2","28","37"
"NVIDIA","198","30","39","13","6","76","34"
"Urban Linker","198","16","42","2","1","22","115"
"Yacht","197","46","47","1","3","11","89"
"NEORIS","197","27","44","0","7","2","117"
"Reperio Human Capital","197","50","47","3","3","18","76"
"Manpower","197","128","23","0","2","6","38"
"NBCUniversal","196","38","77","0","3","0","78"
"Spotify","195","15","100","4","2","2","72"
"Actalent","195","90","57","0","2","2","44"
"Prodigious","194","99","40","0","2","10","43"
"ADP","193","48","112","4","0","3","26"
"Kforce Inc","193","81","27","1","0","0","84"
"Fractal","193","14","63","6","7","10","93"
"Chubb","193","59","76","1","1","1","55"
"Highmark Health","193","81","67","1","1","5","38"
"Rose International","192","131","36","0","1","2","22"
"Amentum","192","60","83","0","0","9","40"
"Kolle Rebbe","191","56","55","1","1","9","69"
"Nestlé","190","66","90","3","2","1","28"
"Keyrus","190","54","25","0","3","5","103"
"Grab","190","45","68","8","2","15","52"
"Square","189","29","108","6","0","13","33"
"Kaiser Permanente","189","123","63","0","0","0","3"
"Darwin Recruitment","189","33","40","4","0","14","98"
"TE Connectivity","189","119","22","0","2","9","37"
"Mindlance","189","132","28","1","3","2","23"
"Canonical","189","14","22","0","21","127","5"
"State Farm","188","78","55","1","0","1","53"
"Amazon Services Inc.","188","79","20","3","9","34","43"
"Manulife","187","46","49","1","4","5","82"
"Compunnel Inc.","186","29","13","3","0","3","138"
"Ascendion","186","36","43","1","2","0","104"
"WTW","186","123","25","0","8","7","23"
"Discover","185","86","63","2","0","4","30"
"DBS Bank Limited","185","102","42","5","1","0","35"
"Jefferson Frank","184","17","19","1","1","8","138"
"Genesis10","183","109","24","0","0","0","50"
"Takeda","183","42","71","2","4","7","57"
"Adecco Italia","183","128","30","4","4","4","13"
"Adyen","182","83","21","8","1","15","54"
"Target","182","15","159","1","0","1","6"
"Pure Storage","182","35","11","1","28","65","42"
"Nigel Frank International Limited","181","50","24","1","2","1","103"
"Netvagas","181","64","28","1","0","4","84"
"Mars","181","43","72","2","1","2","61"
"Medtronic","180","82","58","5","1","6","28"
"BCforward","180","126","25","0","0","5","24"
"Amaris Consulting","180","50","32","1","3","7","87"
"dunnhumby","180","67","73","7","3","10","20"
"Zurich Insurance","179","59","52","3","6","1","58"
"Nokia","179","67","54","1","1","17","39"
"Eaton","179","52","56","2","6","6","57"
"Smals","179","90","53","0","12","17","7"
"Philip Morris International","178","102","44","0","1","5","26"
"Schiphol","177","44","21","15","10","15","72"
"Inavitas","177","99","39","9","1","13","16"
"BNP Paribas Real Estate","177","109","42","0","0","5","21"
"Stellantis","176","49","68","4","0","7","48"
"Opus Recruitment Solutions","175","15","17","1","1","6","135"
"Vestas","175","40","59","8","3","18","47"
"Standard Bank Group","175","45","46","4","2","5","73"
"Nordea Bank","174","95","35","0","1","26","17"
"Stripe","174","42","71","7","3","27","24"
"Kelly Services","173","114","46","1","0","2","10"
"Capital Empresarial Horizonte","173","27","49","6","3","9","79"
"Discover Financial Services","173","80","63","0","0","0","30"
"Merck","173","36","116","3","0","3","15"
"Match Profiler","173","39","52","2","10","5","65"
"Dyson","173","44","55","2","10","11","51"
"NonStop Consulting","173","62","55","1","2","1","52"
"Halian","172","46","54","1","8","6","57"
"Klarna","172","54","54","0","9","33","22"
"Vinted","172","80","66","2","0","6","18"
"Aditi Consulting","172","84","39","1","1","2","45"
"EXL","171","20","55","0","2","3","91"
"Innova Solutions","171","84","34","0","0","3","50"
"DataArt","171","44","7","15","9","20","76"
"Sam's Club","170","4","133","0","0","1","32"
"Vanguard","170","55","71","1","1","1","41"
"FIS","170","58","77","2","0","21","12"
"Encora Inc.","169","44","22","3","5","19","76"
"Zscaler","169","28","63","5","7","29","37"
"Endava","169","26","4","9","18","19","93"
"Stryker","169","123","19","0","1","8","18"
"SoftServe","169","11","54","13","6","20","65"
"Anblicks","168","22","14","0","1","12","119"
"Randstad USA","168","109","25","0","0","3","31"
"Amazon Web Services (AWS)","168","12","15","0","23","2","116"
"Motion Recruitment Partners LLC","165","92","46","0","0","1","26"
"World Wide Technology","165","43","67","1","0","2","52"
"Electronic Arts","164","54","55","3","1","18","33"
"In Technology Group","164","88","53","3","0","1","19"
"Jacobs","164","28","74","1","4","1","56"
"General Motors","163","43","67","0","1","17","35"
"Gartner","163","36","70","0","0","3","54"
"The Hartford","162","19","51","0","0","2","90"
"Metyis","162","50","41","6","1","4","60"
"Olisipo","162","56","35","7","3","4","57"
"Artefact","161","43","59","0","0","25","34"
"Hexaware Technologies","161","16","43","0","0","1","101"
"Bolt","161","108","37","1","1","8","6"
"Falabella","160","64","44","7","3","20","22"
"Cox Automotive","160","32","14","0","0","0","114"
"HTC Global Services","160","24","30","1","0","4","101"
"Danske Bank AS Lietuvos filialas","160","77","19","3","2","41","18"
"Alstom","160","35","33","3","5","17","67"
"Fivetran","160","17","2","0","9","106","26"
"System One","160","62","43","0","3","2","50"
"MasterCard","160","31","41","0","3","40","45"
"Western Union","159","103","42","5","0","7","2"
"NTT DATA Europe & Latam","159","38","36","2","11","22","50"
"Antal International","159","29","55","1","0","4","70"
"Computer Futures","159","44","34","2","2","5","72"
"Commonwealth Bank","158","21","13","1","5","19","99"
"JP Morgan Chase","158","84","33","1","2","17","21"
"Randstad Technologies","158","75","30","0","0","0","53"
"Pinterest","158","17","129","4","0","6","2"
"BBVA","157","28","112","1","0","2","14"
"MongoDB","157","50","14","2","39","46","6"
"Peoplebank","157","55","19","3","1","17","62"
"Archer Recruitment","157","34","42","5","4","15","57"
"Thomson Reuters","156","32","55","12","3","9","45"
"US Tech Solutions","156","72","53","1","0","2","28"
"Rockwell Automation","155","49","25","2","5","28","46"
"United Overseas Bank","155","80","36","10","0","6","23"
"Munich Re","154","49","65","2","1","1","36"
"Optum","154","57","47","0","0","6","44"
"Reply","154","25","31","6","5","5","82"
"Staffigo Technical Services, LLC","154","154","0","0","0","0","0"
"TUI","153","60","13","3","14","4","59"
"Tata Group","153","23","32","4","2","8","84"
"Dimension Data","153","20","9","3","33","57","31"
"Johns Hopkins University","153","122","17","0","0","0","14"
"Airwallex","151","20","85","3","0","3","40"
"Arcadis","151","72","27","0","3","18","31"
"Meta Inc","151","14","89","0","0","1","47"
"StartupJobs","150","36","26","11","8","27","42"
"LMI","150","24","103","0","0","1","22"
"GFT Technologies SE","149","21","18","7","15","20","68"
"Ambition","149","92","23","0","3","1","30"
"Walters People","149","79","11","0","8","8","43"
"ALTEN","149","44","27","1","3","5","69"
"CareerValue BV","149","43","54","4","4","9","35"
"Relativity","148","45","6","1","12","64","20"
"Allianz","148","63","40","2","1","2","40"
"Business & Decision","148","52","34","0","7","3","52"
"Lumen","147","59","66","0","0","6","16"
"Expedia Group","147","18","53","7","0","8","61"
"Workforce Australia for Individuals","147","16","18","15","6","22","70"
"IKEA","147","60","34","2","1","5","45"
"Columbia University","147","123","19","0","0","1","4"
"dentsu","146","39","40","3","8","9","47"
"BearingPoint","146","40","42","0","2","1","61"
"U.S. Bank","145","100","24","2","0","3","16"
"TIKTOK PTE. LTD.","145","23","50","23","1","12","36"
"Steneral Consulting","145","63","26","1","0","0","55"
"E-Works","145","78","48","0","0","0","19"
"ByteDance","145","50","43","3","0","4","45"
"Kenvue","144","83","44","2","1","1","13"
"Amadeus","144","42","18","2","1","29","52"
"ICONMA","144","105","17","1","0","2","19"
"Visser & Van Baars","143","38","12","4","0","0","89"
"Huxley","143","47","16","1","0","2","77"
"OptimHire","143","3","18","1","2","5","114"
"Dynatrace","143","42","34","16","5","22","24"
"Lorien","143","30","27","0","0","2","84"
"Emonics LLC","143","38","32","3","4","3","63"
"Chewy","143","29","68","3","0","0","43"
"Workato","142","50","27","14","0","0","51"
"IT Pros","142","79","30","0","0","2","31"
"Acadia Technologies, Inc.","142","83","51","0","0","1","7"
"Singtel Group","141","30","31","9","10","13","48"
"Morgan Stanley","141","69","29","0","0","1","42"
"amazon","141","24","92","0","2","6","17"
"Procom","141","75","8","0","1","5","52"
"Energy Jobline","141","40","30","1","3","5","62"
"beBee Professionals","141","107","8","6","2","1","17"
"Scalo Sp. z o.o.","141","40","25","2","3","1","70"
"AIA","140","62","50","2","2","3","21"
"Sportradar","140","26","28","3","2","51","30"
"Astek","139","10","14","0","1","1","113"
"TD SYNNEX","139","101","13","0","5","15","5"
"Thelocal","139","47","50","1","1","4","36"
"University of Florida","139","84","48","0","0","3","4"
"Farfetch","139","39","40","19","5","8","28"
"Boehringer Ingelheim","139","17","84","0","0","1","37"
"Nestle","138","68","52","2","2","2","12"
"Falabella Equipo Corporativo","138","52","23","11","1","28","23"
"The Coca-Cola Company","138","60","19","3","3","3","50"
"Lockheed Martin Corporation","138","58","64","0","3","2","11"
"Dellent","137","40","19","0","0","2","76"
"Booking.com","137","53","22","8","1","13","40"
"Boeing","137","37","61","3","1","9","26"
"BCG, Boston Consulting Group","137","72","27","0","1","7","30"
"Banco Santander","137","64","31","1","2","11","28"
"National Grid","137","62","51","0","0","0","24"
"Horizon Therapeutics","137","29","74","0","0","0","34"
"CI&T","137","26","42","3","0","6","60"
"Glovo","137","62","49","2","1","9","14"
"Eurofins","137","45","34","1","6","9","42"
"Dropbox","137","9","100","2","0","9","17"
"Baltic Training Services Limited","136","136","0","0","0","0","0"
"TotalEnergies","136","62","52","0","1","2","19"
"Dassault Systèmes","136","49","56","3","2","6","20"
"Vaco","135","46","13","0","2","0","74"
"Moyyn","135","79","56","0","0","0","0"
"Providence Health & Services","135","87","20","1","0","2","25"
"Grid Dynamics","135","21","30","2","5","15","62"
"Cox Enterprises","135","52","47","0","1","6","29"
"Pôle Emploi","135","63","49","0","1","6","16"
"Maxgen Technologies Private Limited","135","58","73","0","0","4","0"
"ZEISS","135","34","45","17","3","6","30"
"Qureos","135","84","29","1","2","3","16"
"Collabera Digital","134","35","19","1","1","5","73"
"Nike","134","16","11","9","0","14","84"
"Sogeti","134","18","18","2","2","3","91"
"Telenet","134","71","16","0","4","0","43"
"Hitachi Vantara","134","38","26","1","5","17","47"
"Palo Alto Networks","134","25","19","7","11","28","44"
"EDF","134","54","33","0","0","1","46"
"Worley","133","59","17","10","27","6","14"
"Etsy","133","14","87","5","0","18","9"
"Fusion Plus Solutions Inc","133","39","28","1","2","5","58"
"Client Server","133","3","37","4","0","8","81"
"Archer - The IT Recruitment Consultancy","133","23","57","4","0","4","45"
"Professional Diversity Network","133","57","49","1","0","0","26"
"IHS Markit","132","53","29","4","1","13","32"
"Labcorp","132","64","54","0","0","0","14"
"Cloudflare","132","23","44","1","4","20","40"
"EON Energie Deutschland","131","46","13","2","0","0","70"
"Dun & Bradstreet","131","26","42","0","0","13","50"
"Orbis","131","8","9","4","0","6","104"
"Apple Inc.","131","12","79","14","1","10","15"
"bp","131","31","21","0","1","12","66"
"Kimberly-Clark","131","85","30","0","1","11","4"
"ASML","131","57","23","1","1","7","42"
"Adobe","131","21","55","2","0","9","44"
"Siemens Healthineers","131","52","38","0","1","4","36"
"Abbott Laboratories","130","60","50","2","2","3","13"
"Takeda Pharmaceutical","130","15","69","1","1","0","44"
"Snaphunt","130","42","21","5","7","22","33"
"King","130","9","81","5","6","10","19"
"ZF Group","129","43","26","5","2","11","42"
"EDWARD JONES","129","89","25","0","0","1","14"
"CVS Pharmacy","129","29","82","2","0","0","16"
"BANCO SANTANDER S.A.","129","69","27","1","0","2","30"
"Deutsche Bundesbank","129","14","90","0","0","6","19"
"Qonto","128","30","69","10","6","3","10"
"Blend360","128","13","71","2","0","2","40"
"Genius Sports","128","36","30","0","3","44","15"
"Digital On Us","128","23","9","3","9","26","58"
"Hopper","128","15","13","14","4","55","27"
"Academic Work","128","59","9","1","4","8","47"
"AirAsia","128","40","59","0","2","7","20"
"Deutsche Bahn","128","24","28","0","0","4","72"
"BlackRock","128","52","15","3","2","9","47"
"Shopify","127","14","85","2","0","3","23"
"Scotiabank","127","19","11","1","1","7","88"
"Appen","127","46","29","5","7","15","25"
"GeekHunter","127","3","0","1","4","23","96"
"BioSpace","127","31","75","0","0","1","20"
"Talent","127","45","21","3","0","5","53"
"Peaple Talent","126","13","38","0","0","3","72"
"Logistics Management Institute","126","20","86","0","0","0","20"
"Bosch Gruppe","126","27","42","2","0","3","52"
"Wolters Kluwer","125","36","64","7","1","5","12"
"Zachary Piper Solutions, LLC","125","21","63","0","1","0","40"
"Alcon","125","36","44","0","0","2","43"
"DHL","124","69","14","6","1","17","17"
"Safran","124","39","45","0","1","0","39"
"JPMorgan Chase","124","29","84","3","0","1","7"
"Fiserv","124","58","35","0","2","7","22"
"CareerBuilder","124","50","58","1","0","3","12"
"HERE Technologies","124","11","42","0","0","19","52"
"Konnekt","124","52","12","2","12","32","14"
"Sedgwick","123","76","46","0","1","0","0"
"PBT Group","123","8","17","0","1","2","95"
"Netflix","123","23","54","0","0","5","41"
"Careem","123","28","40","0","0","32","23"
"SDG Group","123","27","35","8","2","10","41"
"Randstad US","122","73","30","0","0","0","19"
"CPL","122","39","13","6","13","33","18"
"Apollo Solutions","122","13","16","3","0","5","85"
"In Technology Group Limited","122","53","41","4","0","0","24"
"Reed Technology","122","57","10","0","1","2","52"
"emagine","122","31","10","1","0","1","79"
"Wargaming","121","35","28","11","3","14","30"
"CAS TRAINING","121","36","15","0","8","23","39"
"Adevinta","121","31","11","8","1","6","64"
"Infotree Global Solutions","121","73","10","1","2","7","28"
"Indotronix International Corporation","121","65","37","0","0","1","18"
"KLM","121","36","47","3","1","6","28"
"McKesson","120","37","73","1","2","2","5"
"ManTech","120","28","70","0","0","5","17"
"Regions Bank","120","42","47","0","0","1","30"
"2K","120","33","67","2","3","2","13"
"Henkel","120","77","28","0","1","4","10"
"Liberty Mutual Insurance","120","18","41","0","0","3","58"
"Absa Group","120","53","29","7","0","2","29"
"Travelers Insurance","119","3","66","0","1","0","49"
"Aon","119","70","13","0","0","4","32"
"Lyft","119","25","41","3","1","10","39"
"Groupe BPCE","119","60","37","0","0","0","22"
"Supernal","119","13","0","0","0","0","106"
"Cargill","119","37","45","0","1","1","35"
"SGS","119","73","23","3","0","2","18"
"Novo Nordisk AS","119","41","34","5","6","12","21"
"ecocareers","119","51","34","0","1","0","33"
"Ernst & Young","119","37","31","1","1","3","46"
"UC San Diego","119","74","44","1","0","0","0"
"CareerValue","119","7","40","3","0","0","69"
"Abbott","119","52","56","1","0","1","9"
"Natwest","119","31","56","0","0","1","31"
"Virtual Vocations Inc","119","50","53","0","1","4","11"
"Skiltrek","118","53","17","0","0","4","44"
"Travelers Insurance Company","118","2","56","0","6","0","54"
"Syneos Health","118","28","83","0","0","2","5"
"Volt","118","101","4","0","0","2","11"
"Parexel","118","60","13","1","0","3","41"
"Harvey Nash","118","35","16","2","1","2","62"
"ABB","117","54","30","8","6","12","7"
"College of Charleston","117","92","17","1","0","0","7"
"Essity","117","54","23","2","2","11","25"
"AVIV Group","117","19","14","0","0","17","67"
"Amazon Europe Core","117","60","12","10","2","6","27"
"Pyramid Consulting, Inc","116","55","16","2","1","2","40"
"DISH","116","15","69","0","0","0","32"
"Inclusion Cloud","116","2","3","4","3","45","59"
"TekWissen ®","116","25","39","0","2","3","47"
"BJSS","115","36","4","1","0","10","64"
"AUTO1 Group","115","33","67","6","0","0","9"
"Danone","115","49","44","4","2","4","12"
"DISYS","115","69","10","0","0","2","34"
"Glocomms","115","17","50","5","3","3","37"
"Humanity","115","31","23","5","0","16","40"
"L'Oréal","115","67","27","2","0","1","18"
"Microsoft Corporation","115","7","58","1","5","35","9"
"Noblis","115","14","76","0","0","2","23"
"Sanlam","115","62","18","0","2","3","30"
"Aptiv","114","46","19","2","2","14","31"
"84.51°","114","6","85","0","0","1","22"
"Nagarro","114","14","13","6","3","36","42"
"Get It Recruit - Finance","114","101","9","0","0","2","2"
"Canva","114","36","32","10","2","19","15"
"Playrix","114","54","5","3","3","4","45"
"Sun Life","114","16","35","0","0","6","57"
"Arthur Lawrence","114","67","20","0","0","0","27"
"SAZ India","114","99","10","0","0","0","5"
"Bank of Ireland","113","51","35","0","3","3","21"
"SEB","113","32","9","0","2","0","70"
"Amgen","113","26","51","4","2","2","28"
"Russell Tobin","113","65","20","0","1","2","25"
"Richemont","113","62","26","2","4","1","18"
"Capco","113","35","23","0","0","5","50"
"Optomi","113","27","27","1","1","2","55"
"Eolas Recruitment","113","18","27","3","2","7","56"
"HCA Healthcare","113","40","31","0","0","0","42"
"MBN Solutions","113","16","68","1","0","0","28"
"GM Financial","112","55","35","1","1","4","16"
"The Kraft Heinz Company","112","28","48","3","2","1","30"
"Talentify.io","112","87","14","0","0","0","11"
"Brunel","112","32","34","4","3","7","32"
"Varsity Tutors","112","77","12","7","1","6","9"
"HNM Solutions","112","35","30","4","5","7","31"
"Superior HealthPlan","112","111","1","0","0","0","0"
"hackajob","112","11","26","0","0","2","73"
"Accenture in India","112","18","27","0","1","13","53"
"PERSOLKELLY SINGAPORE PTE. LTD.","112","68","8","0","0","3","33"
"Avance Consulting","112","22","16","0","4","1","69"
"BMW Group","112","25","57","1","0","5","24"
"SGF Global","112","50","16","2","5","18","21"
"Expectra","111","58","22","0","0","0","31"
"New Scientist","111","8","99","0","0","3","1"
"Network IT","111","29","22","3","3","7","47"
"Sigma Software","111","18","8","2","3","7","73"
"Pearson","111","52","36","8","0","4","11"
"Hunter Bond","111","16","23","0","1","18","53"
"IO Associates","111","9","23","1","4","9","65"
"ECS","110","19","75","0","1","0","15"
"CoreLogic","110","27","56","0","2","2","23"
"Teladoc Health","110","6","58","0","0","3","43"
"Multiplica Talent","110","23","36","0","2","5","44"
"Status Pro","110","26","27","0","4","2","51"
"Data Idols","109","17","55","1","0","3","33"
"Adsearch","109","32","17","0","0","1","59"
"Page Personnel España","109","48","39","1","2","4","15"
"Shift Technology","109","1","83","1","0","10","14"
"Сбер. IT","109","5","19","4","1","1","79"
"LINCOLN","109","33","26","0","0","0","50"
"RMS Computer Corporation","109","103","5","0","0","1","0"
"The Hertz Corporation","109","34","46","0","0","2","27"
"Sabenza IT","108","28","3","2","1","4","70"
"SAFRAN","108","43","37","0","0","1","27"
"Marsh McLennan","108","56","12","1","3","6","30"
"La Relve","108","38","11","0","0","0","59"
"Dow Jones","108","67","14","2","3","5","17"
"Cabify","108","52","18","0","1","13","24"
"ApTask","108","38","27","2","1","0","40"
"Nord Security","107","55","5","0","8","30","9"
"Viatris","107","86","21","0","0","0","0"
"Tripadvisor","107","16","44","13","0","11","23"
"Pacific Northwest National Laboratory","107","4","84","3","0","2","14"
"Tencent","107","16","45","1","4","7","34"
"adesso SE","107","15","22","12","1","0","57"
"e-Merge IT Recruitment","106","10","40","0","0","0","56"
"Old Mutual South Africa","106","48","27","0","3","7","21"
"SLB","106","30","46","10","2","2","16"
"Kforce Technology Staffing","106","45","29","0","0","1","31"
"Meritis","106","24","14","0","1","1","66"
"GIGROUP","106","81","13","1","4","1","6"
"Kyndryl","106","29","21","1","5","6","44"
"World Food Programme","105","72","19","1","2","0","11"
"Koch Industries","105","49","23","0","0","3","30"
"VMware","105","36","17","1","10","26","15"
"People Tech Group Inc","105","3","3","0","0","3","96"
"3M","105","73","13","0","0","2","17"
"KBR","105","40","50","2","1","1","11"
"OESON","105","56","49","0","0","0","0"
"Boston Scientific","105","64","17","0","0","3","21"
"WayUp","104","31","49","0","0","7","17"
"Hays Specialist Recruitment Limited","104","53","16","0","3","8","24"
"G-STAT","104","69","18","0","1","0","16"
"Dataworks","104","19","17","0","2","6","60"
"Credit Agricole","104","39","61","0","0","0","4"
"Brillio","104","23","18","1","0","1","61"
"Infogain","103","11","13","4","0","5","70"
"PG&E Corporation","103","48","27","0","0","0","28"
"Genesys","103","21","6","0","0","37","39"
"Dataiku","103","15","32","2","7","47","0"
"La Relève","103","20","16","0","0","0","67"
"S.i. Systems","103","20","11","0","2","4","66"
"Flix","103","24","13","0","0","6","60"
"Classy Wheeler Limited","103","54","15","0","4","14","16"
"City National Bank","103","91","6","0","0","0","6"
"SentinelOne","103","9","12","4","4","29","45"
"Oliver James Associates","103","26","34","4","2","2","35"
"Ciklum","103","15","13","0","3","3","69"
"SCALO Sp. z o.o.","103","30","2","0","0","7","64"
"Talent Group","103","23","22","1","1","2","54"
"Marriott","102","27","68","0","2","0","5"
"EyeTech Solutions","102","28","17","4","1","14","38"
"Citi bank","102","63","28","2","1","4","4"
"Caliber Sourcing","102","90","9","0","0","1","2"
"SoFi","102","10","82","0","0","2","8"
"Buscojobs ES Premium","102","39","23","0","0","4","36"
"Royal Caribbean Group","102","68","19","0","0","1","14"
"Global Recruitment Selection","102","62","21","1","0","1","17"
"Synergisticit","102","28","65","1","0","8","0"
"Micron","102","29","35","2","1","9","26"
"MCKESSON","102","30","58","0","0","2","12"
"Randstad Hong Kong","101","48","17","0","8","10","18"
"Syngenta Group","101","21","49","4","0","0","27"
"ABN AMRO","101","46","23","8","1","4","19"
"Xpertise Recruitment","101","8","14","0","5","5","69"
"Air Liquide","101","41","33","0","0","7","20"
"ADVERGY GmbH","101","15","29","0","0","1","56"
"TaskUs","101","68","16","1","1","0","15"
"Bnp Paribas","101","62","29","0","0","2","8"
"Ampstek","100","24","14","0","0","4","58"
"Version 1","100","28","16","1","1","2","52"
"Cegeka","100","33","14","1","0","3","49"
"GfK","100","42","41","5","1","1","10"
"WALGREENS","100","4","71","0","0","0","25"
"Cash App","100","33","38","15","1","9","4"
"Creative Financial Staffing","100","86","6","0","0","0","8"
"Philips","100","40","24","0","2","3","31"
"Fullstack Labs","100","32","22","1","1","5","39"
"Eames Consulting","100","46","28","2","0","0","24"
"Entain","100","49","26","0","3","4","18"
"Anson Mccade","100","1","14","0","0","0","85"
